{
  "accounts-item": [
    {
      "_id": "5bb19faf306947718ca470a5",
      "isEscoBranch": false,
      "business_unit_ids": [
        {
          "_id": "5b344ae1678f711dfc04ec3f",
          "name": "Scientific",
          "level": 1,
          "description": "This business unit is about Lab"
        }
      ],
      "name": "National University Hospital (NUH)",
      "type_id": "End User",
      "currency_id": {
        "_id": "5a7ff2c8678f716be22b37fb",
        "code": "SGD",
        "name": "Singapore Dollar",
        "symbol": "S$"
      },
      "existing": false,
      "owner_id": {
        "_id": "5bb104ed678f71061f645217",
        "email": "delvene.ho@escolifesciences.com",
        "firstName": "Delvene",
        "lastName": "Ho",
        "peopleUnder": null,
        "people": [
          "5bb104ed678f71061f645217"
        ]
      },
      "dealer_id": null,
      "distributor_id": null,
      "mfg_sales_rep_id": null,
      "salesperson_in_charge_id": null,
      "phoneNo": "6779 5555",
      "phoneNo2": "",
      "fax": null,
      "email": null,
      "website": null,
      "billingStreet": "5 Lower Kent Ridge Wing",
      "billingZipCode": "119074",
      "billingCity": "Singapore",
      "billingState": null,
      "billing_country_id": {
        "_id": "5a529aa5678f7138736cc22c",
        "name": "Singapore",
        "alpha2Code": "SG"
      },
      "salesforceID": "0019000000yWBNK",
      "shippingStreet": "5 Lower Kent Ridge Road",
      "shippingZipCode": "119074",
      "shippingCity": "Singapore",
      "shippingState": null,
      "shipping_country_id": {
        "_id": "5a529aa5678f7138736cc22c",
        "name": "Singapore",
        "alpha2Code": "SG"
      },
      "group_id": null,
      "industry_id": "Government",
      "major_segment_id": "Hospital",
      "minor_segment_id": null,
      "location_coverage_id": null,
      "branch_id": {
        "_id": "5b344ae1678f711dfc04ec3a",
        "name": "Esco Singapore"
      },
      "products_handled_id": [],
      "description": null,
      "updated_at": {
        "date": "2022-09-13 02:16:50.000000",
        "timezone_type": 3,
        "timezone": "UTC"
      },
      "created_at": {
        "date": "2018-09-30 20:18:56.000000",
        "timezone_type": 3,
        "timezone": "UTC"
      },
      "updated_by": {
        "_id": "61946a0ba6ebc73ed424e2e3",
        "firstName": "Fahrudin",
        "lastName": "Burherm",
        "fullName": "Fahrudin Burherm",
        "peopleUnder": null,
        "people": [
          "61946a0ba6ebc73ed424e2e3"
        ],
        "techSupport": [
          "5bb104ed678f71061f645224",
          "5dccb5a8a6ebc75e242120f2",
          "5e37a1e8a6ebc7909d444b32",
          "5e37a1e8a6ebc7909d444b33",
          "5e37a1e8a6ebc7909d444b34",
          "5e37a1e9a6ebc7909d444b35",
          "5e37a1e9a6ebc7909d444b36",
          "5e38f456a6ebc7a75c060652",
          "5f34ab08a6ebc7994003c792",
          "60796408a6ebc7d794734343",
          "607969aea6ebc7db171bcaa2",
          "607969afa6ebc7db171bcaa3",
          "607969afa6ebc7db171bcaa4",
          "60d2fc36a6ebc73e365ecf32",
          "628ee86fa6ebc7803b69f38f",
          "633653cfa6ebc7705c4ea23b",
          "64e30299a6ebc75ccb2b3194"
        ]
      },
      "created_by": {
        "_id": "5bb104ed678f71061f645217",
        "firstName": "Delvene",
        "lastName": "Ho",
        "fullName": "Delvene Ho",
        "peopleUnder": null,
        "people": [
          "5bb104ed678f71061f645217"
        ],
        "techSupport": [
          "5bb104ed678f71061f645224",
          "5dccb5a8a6ebc75e242120f2",
          "5e37a1e8a6ebc7909d444b32",
          "5e37a1e8a6ebc7909d444b33",
          "5e37a1e8a6ebc7909d444b34",
          "5e37a1e9a6ebc7909d444b35",
          "5e37a1e9a6ebc7909d444b36",
          "5e38f456a6ebc7a75c060652",
          "5f34ab08a6ebc7994003c792",
          "60796408a6ebc7d794734343",
          "607969aea6ebc7db171bcaa2",
          "607969afa6ebc7db171bcaa3",
          "607969afa6ebc7db171bcaa4",
          "60d2fc36a6ebc73e365ecf32",
          "628ee86fa6ebc7803b69f38f",
          "633653cfa6ebc7705c4ea23b",
          "64e30299a6ebc75ccb2b3194"
        ]
      },
      "deleted_at": null,
      "deleted_by": null,
      "contact_ids": [
        {
          "_id": "5bb1bfc0d9539443c065d70e",
          "firstName": "Jiunn Yuan",
          "lastName": "Leow",
          "phoneNo": "6772 4399 /",
          "email": "jiunn_yuan_leow@nuhs.edu.sg"
        },
        {
          "_id": "5bb1bfc0d9539443c065d70f",
          "firstName": "",
          "lastName": "Ng Pei Hui",
          "phoneNo": "+65 6772 4043",
          "email": "peihui_ng@nuhs.edu.sg"
        },
        {
          "_id": "5bb1bfc0d9539443c065d710",
          "firstName": "Wen Han",
          "lastName": "Peng",
          "phoneNo": "6772 5995",
          "email": "wen_han_peng@nuhs.edu.sg"
        },
        {
          "_id": "5bb1bfc0d9539443c065d712",
          "firstName": "Jenny",
          "lastName": "Chan",
          "phoneNo": 67722512,
          "email": "jenny_chan@nuhs.edu.sg"
        },
        {
          "_id": "5bb1bfc0d9539443c065d713",
          "firstName": "",
          "lastName": "Donald Chiang",
          "phoneNo": "",
          "email": "donald_chiang@nuhs.edu.sg"
        },
        {
          "_id": "5bb1bfc0d9539443c065d714",
          "firstName": "Musalmah",
          "lastName": "Mohamed",
          "phoneNo": "",
          "email": "musalmah_binte_mohamed@nuhs.edu.sg"
        },
        {
          "_id": "5bb1bfc0d9539443c065d715",
          "firstName": "",
          "lastName": "Lim Siew Woon",
          "phoneNo": "6772 4915",
          "email": "siew_woon_lim@nuhs.edu.sg"
        },
        {
          "_id": "5bb1bfc0d9539443c065d716",
          "firstName": "Paul Lorenz",
          "lastName": "Bigliardi",
          "phoneNo": "6779 4112",
          "email": "paul_bigliardi@nuhs.edu.sg"
        },
        {
          "_id": "5bb1bfc0d9539443c065d717",
          "firstName": "",
          "lastName": "Tang Chi Wai",
          "phoneNo": "6772 3702",
          "email": "chi_wai_tang@nuhs.edu.sg"
        },
        {
          "_id": "5bb1bfc0d9539443c065d718",
          "firstName": "",
          "lastName": "Fong Hai Xin",
          "phoneNo": "+65 67725434",
          "email": "hai_xin_fong@nuhs.edu.sg"
        },
        {
          "_id": "5bb1bfc0d9539443c065d719",
          "firstName": "Jun",
          "lastName": "Yang",
          "phoneNo": 65161255,
          "email": "jun_yang@nuhs.edu.sg"
        },
        {
          "_id": "5bb1bfc0d9539443c065d71a",
          "firstName": "Ming Zhi",
          "lastName": "Soh",
          "phoneNo": "6772 5354",
          "email": "ming_zi_soh@nuhs.edu.sg"
        },
        {
          "_id": "5bb1bfc0d9539443c065d71c",
          "firstName": "Cher Siong",
          "lastName": "Gan",
          "phoneNo": "+65 6772 3707",
          "email": "cher_siong_gan@nuhs.edu.sg"
        },
        {
          "_id": "5bb1bfc0d9539443c065d71e",
          "firstName": "",
          "lastName": "Lim Yin Shan",
          "phoneNo": 67725014,
          "email": "yin_shan_lim@nuhs.edu.sg"
        },
        {
          "_id": "5bb1bfc0d9539443c065d71f",
          "firstName": "",
          "lastName": "Echo Lee Li Buay",
          "phoneNo": "+65 6772 2333 / 2331",
          "email": "li_buay_lee@nuhs.edu.sg"
        },
        {
          "_id": "5bb1bfc0d9539443c065d720",
          "firstName": "Zhao Cong",
          "lastName": "Wu",
          "phoneNo": 67724343,
          "email": "zhaocong_wu@nuhs.edu.sg"
        },
        {
          "_id": "5bb1bfc0d9539443c065d722",
          "firstName": "Choo",
          "lastName": "Shoa Nian",
          "phoneNo": 67722371,
          "email": "shoa_nian_choo@nuhs.edu.sg"
        },
        {
          "_id": "5bb1bfc0d9539443c065d723",
          "firstName": "",
          "lastName": "Jan Gruber",
          "phoneNo": 65164638,
          "email": "jan_gruber@nuhs.edu.sg"
        },
        {
          "_id": "5bb1bfc0d9539443c065d725",
          "firstName": "",
          "lastName": "Au Yeong Si Min",
          "phoneNo": "6772 5014",
          "email": "si_min_au_yeong@nuhs.edu.sg"
        },
        {
          "_id": "5bb1bfc0d9539443c065d726",
          "firstName": "",
          "lastName": "Patrick Zhang",
          "phoneNo": "+65 67722137",
          "email": "ling_zhang@nuhs.edu.sg"
        },
        {
          "_id": "5bb1bfc0d9539443c065d727",
          "firstName": "",
          "lastName": "Zhao Li Li",
          "phoneNo": 67725198,
          "email": "li_li_zhao@nuhs.edu.sg"
        },
        {
          "_id": "5bb1bfc0d9539443c065d728",
          "firstName": "",
          "lastName": "Teo Kai Ying",
          "phoneNo": "+65 6772 4287",
          "email": "kaiying_teo@nuhs.edu.sg"
        },
        {
          "_id": "5bb1bfc0d9539443c065d729",
          "firstName": "Madeline",
          "lastName": "Tan",
          "phoneNo": "6772 5186",
          "email": "madeline_tan@nuhs.edu.sg"
        },
        {
          "_id": "5bb1bfc0d9539443c065d72a",
          "firstName": "",
          "lastName": "Lee Mei Wah",
          "phoneNo": "+65 6772 5971",
          "email": "mei_wah_lee@nuhs.edu.sg"
        },
        {
          "_id": "5bb1bfc0d9539443c065d72b",
          "firstName": "",
          "lastName": "Geoigina Chua",
          "phoneNo": "+65 6772 6768",
          "email": "geoigina_chua@nuhs.edu.sg"
        },
        {
          "_id": "5bb1bfc0d9539443c065d72c",
          "firstName": "",
          "lastName": "Michelle Ong",
          "phoneNo": 6567727869,
          "email": "michelle_pf_ong@nuhs.edu.sg"
        },
        {
          "_id": "5bb1bfc0d9539443c065d72d",
          "firstName": "",
          "lastName": "Nurazyyati Binte Jaffar",
          "phoneNo": "",
          "email": "nurazyyati_jaffar@nuhs.edu.sg"
        },
        {
          "_id": "5bb1bfc0d9539443c065d72e",
          "firstName": "",
          "lastName": "Joy Chua",
          "phoneNo": "+65 6772 5097",
          "email": "mdccsj@nus.edu.sg"
        },
        {
          "_id": "5bb1bfc0d9539443c065d72f",
          "firstName": "Allan",
          "lastName": "Chung",
          "phoneNo": "+65 67723703",
          "email": "yiu_lun_chung@nuhs.edu.sg"
        },
        {
          "_id": "5bb1bfc0d9539443c065d731",
          "firstName": "",
          "lastName": "Liaw Siaw Tien",
          "phoneNo": "+65 6722 5188",
          "email": "siaw_tien_liew@nuhs.edu.sg"
        },
        {
          "_id": "5bb1bfc0d9539443c065d732",
          "firstName": "",
          "lastName": "Lim Bee Hua  / Kok Liang Lee",
          "phoneNo": 6567724037,
          "email": "bee_hua_lim@nuhs.edu.sg"
        },
        {
          "_id": "5bb1bfc0d9539443c065d733",
          "firstName": "",
          "lastName": "Yvoone Tan Yam Fang",
          "phoneNo": "+65 6772 2512",
          "email": "yvoone_yf_tan@nuhs.edu.sg"
        },
        {
          "_id": "5bb1bfc0d9539443c065d735",
          "firstName": "",
          "lastName": "Shahul Hameed Maricar",
          "phoneNo": "+65 67725633",
          "email": "patshm@nus.edu.sg"
        },
        {
          "_id": "5bb1bfc0d9539443c065d736",
          "firstName": "",
          "lastName": "Neo Leng Hong",
          "phoneNo": "",
          "email": "leng_hong_neo@nuhs.edu.sg"
        },
        {
          "_id": "5bb1bfc0d9539443c065d738",
          "firstName": "Deen",
          "lastName": "Zainu",
          "phoneNo": "+65 67725224",
          "email": "zainudeen.m@keppelmo.com"
        },
        {
          "_id": "5bb1bfc0d9539443c065d73a",
          "firstName": "",
          "lastName": "Vanessa Soh Chai Hong",
          "phoneNo": "+65 6772 2333",
          "email": "vanessa_soh@nuhs.edu.sg"
        },
        {
          "_id": "5bb1bfc0d9539443c065d73d",
          "firstName": "Cherry",
          "lastName": "Ho",
          "phoneNo": "+65 6772 5032",
          "email": "cherry_ho@nuhs.edu.sg"
        },
        {
          "_id": "5bb1bfc0d9539443c065d73e",
          "firstName": "",
          "lastName": "Lim Han Sheng",
          "phoneNo": "+65 6772 2138",
          "email": "han_sheng_lim@nuhs.edu.sg"
        },
        {
          "_id": "5bb1bfc0d9539443c065d73f",
          "firstName": "Wong Lei",
          "lastName": "Ya",
          "phoneNo": "+65 81271361",
          "email": "lei_ya_wong@nuhs.edu.sg"
        },
        {
          "_id": "5bb66c93678f71059f764fcf",
          "firstName": "Jenny ",
          "lastName": "Li ",
          "email": "",
          "phoneNo": "6772 4016"
        },
        {
          "_id": "5bbbfdc6678f710f3a06ae9d",
          "firstName": "Eunice  Annabelle",
          "lastName": "Chew",
          "email": "eunice_chew@nuhs.edu.sg",
          "phoneNo": "+65 92742953"
        },
        {
          "_id": "5bbe473e678f710f407c970c",
          "firstName": "Julie",
          "lastName": "",
          "email": " julie_goh@nuhs.edu.sg",
          "phoneNo": "67725398"
        },
        {
          "_id": "5c51502ba6ebc77ba1123b72",
          "firstName": "Lim Yin ",
          "lastName": "Shan",
          "email": "Yin_Shan_LIM@nuhs.edu.sg",
          "phoneNo": "+65 6772 5014"
        },
        {
          "_id": "5c540015a6ebc76b5e208d12",
          "firstName": "Joanne ",
          "lastName": "Sim",
          "email": "joanne_sim@nuhs.edu.sg",
          "phoneNo": "6779 5555"
        },
        {
          "_id": "5c550401a6ebc7ecfa0fb9d7",
          "firstName": "Lim ",
          "lastName": "Yin Shan",
          "email": "yin_shan_lim@nuhs.edu.sg",
          "phoneNo": "67725014"
        },
        {
          "_id": "5c5a5a5aa6ebc72c1e28c3f4",
          "firstName": "Liew Siaw ",
          "lastName": "Tien",
          "email": "Siaw_tien_liew@nuhs.edu.sg",
          "phoneNo": "+65 6772 5188"
        },
        {
          "_id": "5c5c733aa6ebc7c9926de1e7",
          "firstName": "Madeline",
          "lastName": "Tan",
          "email": "Madeline.tan.h.l@alpshealthcare.com.sg",
          "phoneNo": "+65 6772 5186"
        },
        {
          "_id": "5c611513a6ebc736051cd242",
          "firstName": "Jonathan",
          "lastName": "Tang",
          "email": "bme@nuhs.edu.sg",
          "phoneNo": "67725044"
        },
        {
          "_id": "5c6249c1a6ebc720637a26d2",
          "firstName": "Neo ",
          "lastName": "Leng Hong",
          "email": "leng_hong_neo@nuhs.edu.sg",
          "phoneNo": "+65 6772 6761"
        },
        {
          "_id": "5c6e038ea6ebc7a8961d2b02",
          "firstName": "Teck Guan",
          "lastName": "Soh",
          "email": "teck_guan_soh@nuhs.edu.sg",
          "phoneNo": "67725398"
        },
        {
          "_id": "5c73b673a6ebc7b0327dd782",
          "firstName": "Arnold ",
          "lastName": "Tan Sia Chye",
          "email": "paetansc@nus.edu.sg",
          "phoneNo": "67724133"
        },
        {
          "_id": "5c74dce0a6ebc781c5325d92",
          "firstName": "Madeline ",
          "lastName": "Tan",
          "email": "madeline.tan.h.l@alpshealthcare.com.sg",
          "phoneNo": "67725186"
        },
        {
          "_id": "5c75f47aa6ebc74619551742",
          "firstName": "Madeline",
          "lastName": "Tan",
          "email": "madeline.tan.h.l@alpshealthcare.com.sg",
          "phoneNo": "67225186"
        },
        {
          "_id": "5c80dbfea6ebc707c8521763",
          "firstName": "David",
          "lastName": "Wu",
          "email": "zhaocong_wu@nuhs.edu.sg",
          "phoneNo": "67724343"
        },
        {
          "_id": "5c85fbcca6ebc7a732567ab5",
          "firstName": "Elvagris",
          "lastName": "Segovia",
          "email": "geoelvse@nus.edu.sg",
          "phoneNo": "6516 6956"
        },
        {
          "_id": "5c8eefc8a6ebc70200642263",
          "firstName": "Han Sheng",
          "lastName": "Lim",
          "email": "Han_sheng_lim@nuhs.edu.sg",
          "phoneNo": "67722138"
        },
        {
          "_id": "5ca3a96aa6ebc7d64164a447",
          "firstName": "June",
          "lastName": "Yang",
          "email": "june_yang@nuhs.edu.sg",
          "phoneNo": "81211048 / 67723480"
        },
        {
          "_id": "5ce499d4a6ebc715a6314922",
          "firstName": "Phoebe",
          "lastName": "Cheah Yoon Fei",
          "email": "Phoebe_YF_CHEAH@nuhs.edu.sg",
          "phoneNo": "67724043"
        },
        {
          "_id": "5ce90592a6ebc735a658d514",
          "firstName": "Yin Shan",
          "lastName": "Lim",
          "email": "yin_shan_lim@nuhs.edu.sg",
          "phoneNo": "67722138/67725057"
        },
        {
          "_id": "5cee371ea6ebc709566d56b2",
          "firstName": "Christina",
          "lastName": "Lim Zi Ying",
          "email": "christina_zi_ying_lim@nuhs.edu.sg",
          "phoneNo": "6772 5128"
        },
        {
          "_id": "5cee4ed5a6ebc71c527a2dd2",
          "firstName": "Betty",
          "lastName": "Saw",
          "email": "betty_saw@nuhs.edu.sg",
          "phoneNo": "(65) 6772 4346"
        },
        {
          "_id": "5cf9d3dca6ebc746cf00a97f",
          "firstName": "Cherry",
          "lastName": "Ho",
          "email": "cherry_ho@nuhs.edu.sg",
          "phoneNo": "67725032"
        },
        {
          "_id": "5d0079d7a6ebc7096948c5c8",
          "firstName": "Jie Ling",
          "lastName": "Low",
          "email": "siaw_tien_liew@nuhs.edu.sg",
          "phoneNo": "67725188"
        },
        {
          "_id": "5d00caf7a6ebc748ce1ed293",
          "firstName": "Elsa",
          "lastName": "NA",
          "email": "NA",
          "phoneNo": "+65 67724043"
        },
        {
          "_id": "5d01b31fa6ebc7ec877dac92",
          "firstName": "Hai Xin",
          "lastName": "Fong",
          "email": "Hai_Xin_Fong@nuhs.edu.sg",
          "phoneNo": "67725434"
        },
        {
          "_id": "5d01f6dca6ebc71c4975e18f",
          "firstName": "Neo",
          "lastName": "Leng Hong",
          "email": "leng_hong_neo@nuhs.edu.sg",
          "phoneNo": "67726761"
        },
        {
          "_id": "5d08b850a6ebc7ef0f2d0762",
          "firstName": "Li",
          "lastName": "Jing",
          "email": "jing_li@nuhs.edu.sg",
          "phoneNo": "+65 90063479"
        },
        {
          "_id": "5d0c7ce8a6ebc79e5a5f3035",
          "firstName": "Jaslin",
          "lastName": "Yap Chui Ping",
          "email": "jaslin_yap@nuhs.edu.sg",
          "phoneNo": "6772 5465"
        },
        {
          "_id": "5d39a959a6ebc7420806caf2",
          "firstName": "Yuet Peng",
          "lastName": "Wong",
          "email": "yuet_peng_wong@nuhs.edu.sg",
          "phoneNo": "96211370"
        },
        {
          "_id": "5d5537d8a6ebc70df9620822",
          "firstName": "Cecilia",
          "lastName": "Yin",
          "email": "cecilia_yin@nuhs.edu.sg",
          "phoneNo": "(65) 6772 4346"
        },
        {
          "_id": "5d5baa6ca6ebc79d7f11dd81",
          "firstName": "Queenie",
          "lastName": "Bernadette",
          "email": "queenie_bernadette_leong@nuhs.edu.sg",
          "phoneNo": "67724343"
        },
        {
          "_id": "5d89dbb1a6ebc7ae93169b12",
          "firstName": "Michelle",
          "lastName": "Yeo",
          "email": "michelle.yeo@alpshealthcare.com.sg",
          "phoneNo": "6772 8769"
        },
        {
          "_id": "5d96bd52a6ebc7c6f1446033",
          "firstName": "Stephanie",
          "lastName": "Lee",
          "email": "stephanie_LEE@nuhs.edu.sg",
          "phoneNo": "6772 5715"
        },
        {
          "_id": "5d9a8e73a6ebc710e35f9d74",
          "firstName": "Esther",
          "lastName": "Ong",
          "email": "esther_ong@nuhs.edu.sg",
          "phoneNo": "81860422"
        },
        {
          "_id": "5d9ef210a6ebc7f3a9383452",
          "firstName": "Eddie",
          "lastName": "Wong",
          "email": "eddie_wm_wong@nuhs.edu.sg",
          "phoneNo": "67725044"
        },
        {
          "_id": "5de60e61a6ebc7a9416ec1b2",
          "firstName": "Joanne",
          "lastName": "Wong Zi Wei",
          "email": "zi_wei_wong@nuhs.edu.sg",
          "phoneNo": "+65 6516 5825"
        },
        {
          "_id": "5de63075a6ebc7cc3d060425",
          "firstName": "Zhi Yao",
          "lastName": "Chan",
          "email": "zhi_yao_chan@nuhs.edu.sg",
          "phoneNo": "9621 1370 / 6772 4915"
        },
        {
          "_id": "5df23636a6ebc79d09660317",
          "firstName": "Vanessa",
          "lastName": "Ko",
          "email": "vanessa_ko@nuhs.edu.sg",
          "phoneNo": "+65 6772 2371"
        },
        {
          "_id": "5e131ffca6ebc75aea3309e2",
          "firstName": "Zhenqin ",
          "lastName": " ",
          "email": " ",
          "phoneNo": "+65 6772 3273"
        },
        {
          "_id": "5e1d4092a6ebc796c00a2952",
          "firstName": "Joline",
          "lastName": " ",
          "email": " ",
          "phoneNo": "97582757"
        },
        {
          "_id": "5e1d4169a6ebc797e2485152",
          "firstName": "Jenny",
          "lastName": "  ",
          "email": "  ",
          "phoneNo": "67722512"
        },
        {
          "_id": "5e1d416ca6ebc796c00a2954",
          "firstName": "",
          "lastName": "",
          "email": "",
          "phoneNo": ""
        },
        {
          "_id": "5e210df7a6ebc7b4ae5c23c4",
          "firstName": "Ng",
          "lastName": "Kai Xin",
          "email": "kai_xin_ng@nuhs.edu.sg",
          "phoneNo": "+65 9627 9122"
        },
        {
          "_id": "5e2169dba6ebc70a22592ec2",
          "firstName": "Juling",
          "lastName": "Wang",
          "email": "mdcwj@nus.edu.sg",
          "phoneNo": "+65 67722155 / +65 90824703"
        },
        {
          "_id": "5e2169e0a6ebc709764610c7",
          "firstName": "",
          "lastName": "",
          "email": "",
          "phoneNo": ""
        },
        {
          "_id": "5e2a9d71a6ebc7685d66bd13",
          "firstName": "Zhao",
          "lastName": "Li Li",
          "email": "zhao.lili@alpshealthcare.com.sg",
          "phoneNo": "+65 6772 5198"
        },
        {
          "_id": "5e44a673a6ebc772de09f402",
          "firstName": "Jolene",
          "lastName": "Yeo",
          "email": "jolene_xl_yeo@nuhs.edu.sg",
          "phoneNo": "67724343"
        },
        {
          "_id": "5e65a1efa6ebc777b01c99bb",
          "firstName": "Karyn",
          "lastName": "Ong Jia Hui",
          "email": "Karyn.ong.j.h@alpshealthcare.com.sg",
          "phoneNo": "+65 6772 7869"
        },
        {
          "_id": "5e68cc3ea6ebc747bb77bb69",
          "firstName": "Shu",
          "lastName": "Wen",
          "email": "crest@nuhs.edu.sg",
          "phoneNo": "6779 5555"
        },
        {
          "_id": "5e698c5aa6ebc7dbec1e8285",
          "firstName": "Valerie By",
          "lastName": "Tan",
          "email": "valerie_by_tan@nuhs.edu.sg",
          "phoneNo": "6779 5555"
        },
        {
          "_id": "5e8ed2eca6ebc7f0040e7b43",
          "firstName": "Zi ",
          "lastName": "Wei",
          "email": "ziwei@nuhs.edu.sg",
          "phoneNo": "65165825"
        },
        {
          "_id": "5e941e3ba6ebc78769664b3b",
          "firstName": "Aye",
          "lastName": "Win",
          "email": "aye_win@nuhs.edu.sg",
          "phoneNo": "9433 9915"
        },
        {
          "_id": "5e9ff4f8a6ebc7eab22c49b5",
          "firstName": "Jamie",
          "lastName": "Ong",
          "email": "jamie_beeeng_ong@nuhs.edu.sg",
          "phoneNo": "6379 3630"
        },
        {
          "_id": "5ed4b7fea6ebc7342063ea16",
          "firstName": "Zhaohong (Aiden)",
          "lastName": "Tan",
          "email": "zhaohong_tan@nuhs.edu.sg",
          "phoneNo": "+65 66015287 / +65 96228710"
        },
        {
          "_id": "5ede06daa6ebc7f7c22b8863",
          "firstName": "Nelson",
          "lastName": "Wong",
          "email": "Nelson_ZL_WONG@nuhs.edu.sg",
          "phoneNo": "6772 8605"
        },
        {
          "_id": "5edf0f81a6ebc7b64a77da74",
          "firstName": "Siping",
          "lastName": "Guo",
          "email": "mdcgsp@nus.edu.sg",
          "phoneNo": "6772 2155"
        },
        {
          "_id": "5eeac051a6ebc747091a1332",
          "firstName": "Claire",
          "lastName": "Chan",
          "email": "Claire_WM_CHAN@nuhs.edu.sg",
          "phoneNo": "6773 7888"
        },
        {
          "_id": "5f03117da6ebc713c56d0f05",
          "firstName": "Carla",
          "lastName": "Moreno",
          "email": "carla_moreno@nuhs.edu.sg",
          "phoneNo": "67725388"
        },
        {
          "_id": "5f03eb49a6ebc7b0b95ab502",
          "firstName": "Zhi Kang",
          "lastName": "Chew",
          "email": "zhi_kang_chew@nuhs.edu.sg",
          "phoneNo": "6772 8604 / 93864785"
        },
        {
          "_id": "5f0491eaa6ebc7433b4f6ad3",
          "firstName": "Viola",
          "lastName": "No last name",
          "email": "noemail@escoglobal.com",
          "phoneNo": "67728405 / 93393594"
        },
        {
          "_id": "5f150a75a6ebc78918219ca3",
          "firstName": "Nisa / Claire",
          "lastName": "None",
          "email": "noemail@escoglobal.com",
          "phoneNo": "+65 6772 8405"
        },
        {
          "_id": "5f1922bda6ebc76e2431e993",
          "firstName": "Siew",
          "lastName": "Fong",
          "email": "siew_fong_neo@nuhs.edu.sg",
          "phoneNo": "+65 67724346"
        },
        {
          "_id": "5f22bec6a6ebc755964e5723",
          "firstName": "Lee",
          "lastName": "Shijie",
          "email": "shijie_lee@nuhs.edu.sg",
          "phoneNo": "6772 2116 / 86111314"
        },
        {
          "_id": "5f3c9260a6ebc7d1ec160632",
          "firstName": "Felicia ",
          "lastName": "Cheah",
          "email": "felicia_sh_cheah@nuhs.edu.sg",
          "phoneNo": "+65 67724133"
        },
        {
          "_id": "5f4c797ba6ebc717c46b7ef7",
          "firstName": "Chan",
          "lastName": "Jia Hui",
          "email": "Jia_Hui_CHAN@nuhs.edu.sg",
          "phoneNo": "+65  9457 4869"
        },
        {
          "_id": "5f5acc97a6ebc705d2664d82",
          "firstName": "Tze Ping",
          "lastName": "Loh",
          "email": "tze_ping_loh@nuhs.edu.sg",
          "phoneNo": "67724346"
        },
        {
          "_id": "5f686962a6ebc7ba1a05d014",
          "firstName": "Tan  ",
          "lastName": "Phyllis ",
          "email": "phyllis_yj_tan@nuhs.edu.sg",
          "phoneNo": "6772 5434 Ext. 24016"
        },
        {
          "_id": "5f714de1a6ebc78d3e31b494",
          "firstName": "Hnin Phyu",
          "lastName": "Sin",
          "email": "phyusin.hnin@engie.com",
          "phoneNo": "9247 9057"
        },
        {
          "_id": "5f7fd0f1a6ebc720c94631a2",
          "firstName": "Yuet Peng",
          "lastName": "Wong",
          "email": "Yuet_Peng_WONG@nuhs.edu.sg",
          "phoneNo": "67724287"
        },
        {
          "_id": "5f8cfef9a6ebc7b88a0c1754",
          "firstName": "Julien",
          "lastName": "TBA",
          "email": "TBA@escoglobal.com",
          "phoneNo": "+65 67722155"
        },
        {
          "_id": "5f97b333a6ebc77d643d2ce3",
          "firstName": "Cho",
          "lastName": "Woei Ming",
          "email": "woei_ming_cho@nuhs.edu.sg",
          "phoneNo": "63793636"
        },
        {
          "_id": "5fa4f9fda6ebc7400619b2f5",
          "firstName": "Chew",
          "lastName": "TBA",
          "email": "TBA@escoglobal.com",
          "phoneNo": "+65 93864785"
        },
        {
          "_id": "5facaaeaa6ebc76b4544ec52",
          "firstName": "Ang",
          "lastName": "Yi Zhen",
          "email": "yi_zhen_ang@nuhs.edu.sg",
          "phoneNo": "67728606"
        },
        {
          "_id": "5fb34ac8a6ebc722a6098a32",
          "lastName": "ONG PEI PEI (WANG PEIPEI)",
          "email": "esther_ong@nuhs.edu.sg",
          "phoneNo": "66012472"
        },
        {
          "_id": "5ff57faaa6ebc73e3638dbb2",
          "firstName": "Zhiqin Dale",
          "lastName": "Lin",
          "email": "Zhiqin_Dale_Lin@nuhs.edu.sg",
          "phoneNo": "6379 3636"
        },
        {
          "_id": "602b1f52a6ebc7fc2b308125",
          "firstName": "Hui",
          "lastName": "Xin",
          "email": "TBA@nuhs.edu.sg",
          "phoneNo": "+65 67722371"
        },
        {
          "_id": "602c6a90a6ebc7a17526c2f2",
          "firstName": "DONOTUSEJia Yao, Timothy",
          "lastName": "DONOTUSEChua",
          "email": "DONOTUSEtimothy_jy_chua@nuhs.edu.sg",
          "phoneNo": "DONOTUSE+65 67728405"
        },
        {
          "_id": "603d95fda6ebc72c9234bef2",
          "firstName": "Germaine",
          "lastName": "Lee Cai Hui",
          "email": "germaine.lee.c.h@alpshealthcare.com.sg",
          "phoneNo": "(65) 6772 6761"
        },
        {
          "_id": "60473d62a6ebc7a5eb4ce332",
          "firstName": "Isabel",
          "lastName": "Ng",
          "email": "Isabel_NG@nuhs.edu.sg",
          "phoneNo": "+65 67723561"
        },
        {
          "_id": "60826980a6ebc74a6806b6f2",
          "firstName": "Cherry",
          "lastName": "Ho",
          "email": "Cherry_ho@nuhs.edu.sg",
          "phoneNo": "67723561"
        },
        {
          "_id": "609201a2a6ebc70d63048084",
          "firstName": "Jeannie",
          "lastName": "Teh",
          "email": "jeannie_hh_teh@nuhs.edu.sg",
          "phoneNo": "+65 96258121"
        },
        {
          "_id": "609a6538a6ebc7314d28ecf2",
          "firstName": "Hiang",
          "lastName": "Sok",
          "email": "sok_hiang_goh@nuhs.edu.sg",
          "phoneNo": "+65 91278734"
        },
        {
          "_id": "60a1e16fa6ebc7960b5bf102",
          "firstName": "Yeo",
          "lastName": "Siew Kin",
          "email": "NA",
          "phoneNo": "+65 67724666 /  +65 94551555"
        },
        {
          "_id": "60c6ed74a6ebc71c2c364f64",
          "firstName": "Hock Seng",
          "lastName": "Khoo",
          "email": "khoo_hock_seng@nuhs.edu.sg",
          "phoneNo": "6772 4034"
        },
        {
          "_id": "60c80699a6ebc7900d45f563",
          "firstName": "Ee Ling",
          "lastName": "HO",
          "email": "ee_ling_ho@nuhs.edu.sg",
          "phoneNo": "6772 5552"
        },
        {
          "_id": "60da94b8a6ebc730024f7b02",
          "firstName": "Florence",
          "lastName": "Yeo",
          "email": "florence_yeo@nuhs.edu.sg",
          "phoneNo": "94551555"
        },
        {
          "_id": "60dbe53aa6ebc7d10c4d1792",
          "firstName": "Crystal",
          "lastName": "Heng",
          "email": "crystal.heng.w.c@alpshealthcare.com.sg",
          "phoneNo": "67727586"
        },
        {
          "_id": "60e2668ba6ebc75c1f6b5bd4",
          "firstName": "Uma Devi",
          "lastName": "Arumugam",
          "email": "Devi_ARUMUGAM@nuhs.edu.sg",
          "phoneNo": "(65) 6772 3036"
        },
        {
          "_id": "60e28356a6ebc77265735972",
          "firstName": "Mya",
          "lastName": "",
          "email": "TBA@escoglobal.com",
          "phoneNo": "+65 96860568"
        },
        {
          "_id": "60e552b7a6ebc7bba10a0a82",
          "firstName": "Mya",
          "lastName": "Teo",
          "email": "mya_teo@nuhs.edu.sg",
          "phoneNo": "6772 5181"
        },
        {
          "_id": "60f9278ea6ebc7a79d2136a2",
          "firstName": "",
          "lastName": "Qizhen",
          "email": "TBA@nuhs.edu.sg",
          "phoneNo": "+65 81833347"
        },
        {
          "_id": "60ffcec7a6ebc73da87537b2",
          "firstName": "",
          "lastName": "Khairunnisa Binti Muharar",
          "email": "khairunnisa_muharar@nuhs.edu.sg",
          "phoneNo": "67724915"
        },
        {
          "_id": "61165f14a6ebc79e1350b612",
          "firstName": "Mary",
          "lastName": "Nee",
          "email": "mary_nee@nuhs.edu.sg",
          "phoneNo": "+65 92296677"
        },
        {
          "_id": "611c877fa6ebc7e98270b872",
          "firstName": "Joyce",
          "lastName": "Mathew",
          "email": "joyce_mathew@nuhs.edu.sg",
          "phoneNo": "97367001"
        },
        {
          "_id": "6123110ea6ebc77e524a9d0e",
          "firstName": "Joanne",
          "lastName": "Ang",
          "email": "Joanne_WP_ANG@nuhs.edu.sg",
          "phoneNo": "6772 5039 / 9839 6456"
        },
        {
          "_id": "6135c891a6ebc746db064793",
          "firstName": "Chung Wei ",
          "lastName": "Moh",
          "email": "chung_wei_moh@nuhs.edu.sg",
          "phoneNo": "8588 4695"
        },
        {
          "_id": "61518e19a6ebc787f44ffb12",
          "firstName": "",
          "lastName": "Kee Hua Cheng",
          "email": "hua_cheng_kee@nuhs.edu.sg",
          "phoneNo": "+65 6772 2333/4317"
        },
        {
          "_id": "61567372a6ebc7c78d6e3513",
          "firstName": "Zoe",
          "lastName": "Kong",
          "email": "zoe_kong@nuhs.edu.sg",
          "phoneNo": "90350790"
        },
        {
          "_id": "6156905ba6ebc7dca62f5452",
          "firstName": "Mr. Aven",
          "lastName": "Ng",
          "email": "aven_sh_ng@nuhs.edu.sg",
          "phoneNo": "6779 5555"
        },
        {
          "_id": "615babeba6ebc7ca9566f372",
          "firstName": "Goh",
          "lastName": "Soon Heok",
          "email": "soon_heok_goh@nuhs.edu.sg",
          "phoneNo": "6772 46610"
        },
        {
          "_id": "617f565ea6ebc7d5da643309",
          "firstName": "Aven",
          "lastName": "Ng",
          "email": "zoe_kong@nuhs.edu.sg",
          "phoneNo": "(65) 6772 8205   Ext: 13811"
        },
        {
          "_id": "618e2b44a6ebc7a1eb6fac72",
          "firstName": "Zhi Quan",
          "lastName": "Chew",
          "email": "Zhi_Quan_CHEW@nuhs.edu.sg",
          "phoneNo": "6772 8602"
        },
        {
          "_id": "619b6758a6ebc73ee6602a92",
          "firstName": "Adeline",
          "lastName": "Ho",
          "email": "adeline_sn_ho@nuhs.edu.sg",
          "phoneNo": "8127 9793"
        },
        {
          "_id": "61a03a8aa6ebc789b53e2452",
          "firstName": "Mr.",
          "lastName": "Clint",
          "email": "clint_hm_ng@nuhs.edu.sg",
          "phoneNo": "97337269"
        },
        {
          "_id": "61a088b5a6ebc7b6f7457292",
          "firstName": "Mohammad",
          "lastName": "Faizal",
          "email": "mohammad_faizalhaziq_mohamed_zaki@nuhs.edu.sg",
          "phoneNo": "98246773"
        },
        {
          "_id": "61b0a73aa6ebc78c280045c3",
          "firstName": "",
          "lastName": "NURUL AFNI HIDAYAH (Ms) ",
          "email": "nurul_afni@nuhs.edu.sg",
          "phoneNo": "T: (65) 6772 4860 M: (65) 9048 5257"
        },
        {
          "_id": "61c2a2c7a6ebc7eccd5b4892",
          "firstName": "Shengzuo",
          "lastName": "Ma",
          "email": "Shengzhuo_MA@nuhs.edu.sg",
          "phoneNo": "6772 5971/ 9785 8016"
        },
        {
          "_id": "61dfce8ea6ebc7b16f3f6f52",
          "firstName": "Wan",
          "lastName": "Ling",
          "email": "wan_ling_cheng@nuhs.edu.sg",
          "phoneNo": "6772 8489"
        },
        {
          "_id": "61e524f6a6ebc7b1311d5483",
          "firstName": "",
          "lastName": "Joriann Goh",
          "email": "Joriann_goh@nuhs.edu.sg",
          "phoneNo": "+65 67722371  "
        },
        {
          "_id": "61ee09cea6ebc74ade09d952",
          "firstName": "",
          "lastName": "Lester Lee",
          "email": "lester_lee@nuhs.edu.sg",
          "phoneNo": "98283159 / 67724311"
        },
        {
          "_id": "620b4543a6ebc742de745ed2",
          "firstName": "",
          "lastName": "Rahimah",
          "email": "rahimah_bahri@nuhs.edu.sg",
          "phoneNo": "677 27828/ 677 25599."
        },
        {
          "_id": "6212e5dfa6ebc7a4d9409b92",
          "firstName": "Lai",
          "lastName": "Sin Sam",
          "email": "lai_sin_sam@nuhs.edu.sg",
          "phoneNo": "+65 67722379"
        },
        {
          "_id": "6229ac2fa6ebc7326366b9a2",
          "firstName": "",
          "lastName": "Sister Ho",
          "email": "PLSFINDOUT@nuhs.sg",
          "phoneNo": "98168277"
        },
        {
          "_id": "623740fba6ebc7898b7a2bb5",
          "firstName": "",
          "lastName": "Winnie LIM",
          "email": "winnie_lim@nuhs.edu.sg",
          "phoneNo": "82286521"
        },
        {
          "_id": "623d7ee2a6ebc7bf4a7eb1f2",
          "firstName": "Ma",
          "lastName": "Shengzhuo",
          "email": "Shengzhuo_MA@nuhs.edu.sg",
          "phoneNo": "6772 5039"
        },
        {
          "_id": "627211bea6ebc73d7c5715bf",
          "firstName": "Ms. Han Hsu",
          "lastName": "Chien",
          "email": "Hsu_Chien_HAN@nuhs.edu.sg",
          "phoneNo": "6716 3453"
        },
        {
          "_id": "627cd611a6ebc7bb523117d4",
          "firstName": "",
          "lastName": "Sok Hiang GOH",
          "email": "sok_hiang_goh@nuhs.edu.sg",
          "phoneNo": "6772 5184"
        },
        {
          "_id": "627e0078a6ebc71ab46178d3",
          "firstName": "Max",
          "lastName": "Koo",
          "email": "Max_KOO@nuhs.edu.sg",
          "phoneNo": "(65) 9049 2612"
        },
        {
          "_id": "62a7002fa6ebc70847705525",
          "firstName": "Wei Ann",
          "lastName": " SOO",
          "email": "Wei_Ann_SOO@nuhs.edu.sg",
          "phoneNo": "67722138/ 67725057"
        },
        {
          "_id": "62df6175a6ebc764fb7408d2",
          "firstName": "Phoebe",
          "lastName": "Koh",
          "email": "kksp@nus.edu.sg",
          "phoneNo": "8121 9268"
        },
        {
          "_id": "62e0e62ba6ebc741e5061c12",
          "firstName": "Jamie",
          "lastName": "Chiew",
          "email": "",
          "phoneNo": "67725398"
        },
        {
          "_id": "62f09f31a6ebc746a56a6757",
          "firstName": "Felicia",
          "lastName": "LEW",
          "email": "Felicia_SQ_LEW@nuhs.edu.sg",
          "phoneNo": "6772 4663"
        },
        {
          "_id": "63044ab3a6ebc70a0a5917f2",
          "firstName": "Queenie",
          "lastName": "Xie",
          "email": "queenie.xie.z@alpshealthcare.com.sg",
          "phoneNo": "90126854"
        },
        {
          "_id": "6316cda7a6ebc76c2c0f3f14",
          "firstName": "Sam",
          "lastName": "Lai Sin",
          "email": "lai_sin_sam@nuhs.edu.sg",
          "phoneNo": "91196036"
        },
        {
          "_id": "6336a68da6ebc75c4a66b382",
          "firstName": "Rifah ",
          "lastName": "Darwisyah",
          "email": "Rifah_Darwisyah_Binte_Mazlan@nuhs.edu.sg",
          "phoneNo": "T: (65) 6772 2137   M: (65) 97287703"
        },
        {
          "_id": "635f4dbda6ebc76e196bf453",
          "firstName": "Kelsey",
          "lastName": "Lim",
          "email": "limkaiqi@nus.edu.sg",
          "phoneNo": "88643374"
        },
        {
          "_id": "637ecb6aa6ebc735da136802",
          "firstName": "",
          "lastName": "Xiao Xian ONG",
          "email": "Xiao_Xian_ONG@nuhs.edu.sg",
          "phoneNo": "96534964"
        },
        {
          "_id": "637ee8e9a6ebc75afd6d7ac8",
          "firstName": "",
          "lastName": "Hui Min NG ",
          "email": "Hui_Min_NG@nuhs.edu.sg",
          "phoneNo": "6772 5398   "
        },
        {
          "_id": "63ae86eaa6ebc74c8e1e7752",
          "firstName": "Roy Haiqel ",
          "lastName": "Saadli",
          "email": "tba@tba.com",
          "phoneNo": "+65 9476 7276"
        },
        {
          "_id": "63e60231a6ebc771cc0ddc82",
          "lastName": "Chit Myat Noe",
          "email": "Chit_Mya_NOE@nuhs.edu.sg",
          "phoneNo": "67725044"
        },
        {
          "_id": "64093c5aa6ebc77b1f282b04",
          "firstName": "Charlene",
          "lastName": ".",
          "email": "tbc@tbc.com",
          "phoneNo": "67728407"
        },
        {
          "_id": "64100173a6ebc72c262119c2",
          "firstName": "Hsu Chien",
          "lastName": "HAN",
          "email": "Hsu_Chien_HAN@nuhs.edu.sg",
          "phoneNo": "67724189 /  67722138/ 67725057"
        },
        {
          "_id": "642cfff6a6ebc74143317e02",
          "firstName": "Nelson Wong ",
          "lastName": "Zi Liang",
          "email": "Nelson_ZL_WONG@nuhs.edu.sg",
          "phoneNo": " 67728605 / 67722138/ 67725057"
        },
        {
          "_id": "6433977ca6ebc70e722f80e2",
          "lastName": "Nur Afifah Aqilah",
          "email": "nurafifahrazak@nuhs.edu.sg",
          "phoneNo": "(65) 6772 4190 // (65) 8777 4404"
        },
        {
          "_id": "645d9099a6ebc741cd4b86a3",
          "firstName": "Paul",
          "lastName": "Chow",
          "email": "Paul_CHOW@nuhs.edu.sg",
          "phoneNo": "3512-87215"
        },
        {
          "_id": "645dedefa6ebc745204ad673",
          "firstName": "Lim Jiew",
          "lastName": "Donq",
          "email": "needtofind@findout.com",
          "phoneNo": "90284885"
        },
        {
          "_id": "6482e2b5a6ebc77eab5b79c2",
          "lastName": "Sharon Koh",
          "email": "Sharon_poh_choo_KOH@nuhs.edu.sg",
          "phoneNo": "67723549"
        },
        {
          "_id": "64940d23a6ebc761bb01dc23",
          "firstName": "Yi Shan",
          "lastName": "Lim",
          "email": "Yin_Shan_LIM@nuhs.edu.sg",
          "phoneNo": "67722138"
        },
        {
          "_id": "649fadc9a6ebc711223b2ab2",
          "firstName": "Xin",
          "lastName": "Hui",
          "email": "xin_hui_joo@nuhs.edu.sg",
          "phoneNo": "6772 4371"
        },
        {
          "_id": "64abbbeda6ebc761db2c2643",
          "firstName": "Jia Yao ",
          "lastName": "Timothy Chua",
          "email": "NA",
          "phoneNo": "NA"
        },
        {
          "_id": "64acc0fca6ebc72f2f0be7d3",
          "firstName": "Aisyah/Beula/Nisa ",
          "lastName": ".",
          "email": "",
          "phoneNo": "67728407"
        },
        {
          "_id": "64cb2954a6ebc763185758c2",
          "firstName": "Aisha",
          "lastName": ".",
          "email": "needtofind@out.com",
          "phoneNo": "67724287"
        },
        {
          "_id": "64cb459ca6ebc708f66bdd23",
          "firstName": ".",
          "lastName": "Anisah",
          "email": "needtofindout@find.com",
          "phoneNo": "+65 9806 0847"
        },
        {
          "_id": "64cb48a3a6ebc70ec35b8c12",
          "firstName": ".",
          "lastName": "Kavitha",
          "email": "needtofind@out.com",
          "phoneNo": "+65 9819 3079"
        },
        {
          "_id": "64d98f01a6ebc757272fda62",
          "firstName": "",
          "lastName": "Keith So",
          "email": "keith_so@nuhs.edu.sg",
          "phoneNo": "94294649"
        },
        {
          "_id": "64dc2647a6ebc7355b11ae32",
          "firstName": "",
          "lastName": "Tom",
          "email": "needtofind@out.com",
          "phoneNo": "98193079"
        }
      ],
      "customerNo": "CN00096",
      "shipToCode": null,
      "localName": null,
      "ph_regions_id": null,
      "region_id": null,
      "annualCycles": null,
      "freshCycles": null,
      "ivfCycles": null,
      "icsiCycles": null,
      "isBenchtop": false,
      "technology_benchtop_id": [],
      "isTimeLapse": false,
      "technology_time_lapse_id": [],
      "isWorkstationClassI": false,
      "technology_workstation_class_i_id": [],
      "isWorkstationClassII": false,
      "technology_workstation_class_ii_id": [],
      "isTechnologyNone": false,
      "is_locked": false,
      "locked_remarks": null,
      "forPricelist": false
    }
  ]
}