{
  "leads-item": [
    {
      "_id": "65288b4ca6ebc75d70589d02",
      "firstName": "Tim",
      "lastName": "Dahl",
      "academicSuffix": null,
      "designation": null,
      "company": "ASTRAGENE FZ LLC",
      "department": null,
      "email": "sales01@astragene.com",
      "email2": null,
      "email3": null,
      "phoneNo": "0509870328",
      "fax": null,
      "mobileNo": null,
      "status_id": "Open",
      "source_id": "Website",
      "type_id": "End User",
      "dealer_id": null,
      "man_sales_rep_id": null,
      "business_unit_ids": [
        {
          "_id": "5b344ae1678f711dfc04ec40",
          "name": "Medical",
          "level": 1,
          "description": "This business unit is about Medical"
        }
      ],
      "salesperson_in_charge_id": null,
      "rating_id": null,
      "owner_id": {
        "_id": "5bb104ed678f71061f645215",
        "email": "christia.l@escolifesciences.com",
        "firstName": "Christia",
        "lastName": "Lagamson",
        "peopleUnder": null,
        "people": [
          "5bb104ed678f71061f645215"
        ]
      },
      "campaign_id": {
        "_id": "5dcced1ca6ebc78e814fd822",
        "name": "Website - Medical RFQ Form"
      },
      "street": "Office No. 208 – 209,\r\nDubai Science Park Lab Complex,\r\nDubai Science Park, Dubai, \r\nUnited Arab Emirates",
      "zipcode": null,
      "city": "N/A",
      "state": "N/A",
      "country_id": {
        "_id": "5a529aa5678f7138736cc24f",
        "name": "United Arab Emirates",
        "alpha2Code": "AE"
      },
      "website": null,
      "industry_major_segment_id": null,
      "industry_minor_segment_id": null,
      "application_ids": [],
      "product_of_interest_ids": [],
      "modelXQuantity": null,
      "quantity": null,
      "timeframe_id": null,
      "reqSalesContract": false,
      "reqProductInfo": false,
      "reqProductQuote": false,
      "reqProductService": false,
      "reqReplacementParts": false,
      "subject": null,
      "description": "Please send your best offer for the belowL:\r\n1.\tDry Block Heater\r\n2.\tFreezing Unit For IVF Straws\r\n3.\tCryo Sealer For Straws\r\n4.\tElectronic Pipette For IVF Lab\r\n5.\tSperm Analyzer For IVF\r\n6.\tLaser System For IVF\r\n\r\nAlong with the offer please send the following documents\r\n \r\n•\tFilled Compliance Specs Sheets\r\n•\tValid Authorization Letter\r\n•\tCE/FDA Certificates\r\n•\tCatalogue / Brochures",
      "assignUsingActive": false,
      "doNotCall": false,
      "doNotEmail": false,
      "doNotFax": false,
      "account_id": null,
      "contact_id": null,
      "converted": false,
      "updated_at": {
        "date": "2023-11-08 05:09:57.000000",
        "timezone_type": 3,
        "timezone": "UTC"
      },
      "created_at": {
        "date": "2023-11-08 05:09:51.000000",
        "timezone_type": 3,
        "timezone": "UTC"
      },
      "updated_by": {
        "_id": "5bb104ed678f71061f645215",
        "firstName": "Christia",
        "lastName": "Lagamson",
        "fullName": "Christia Lagamson",
        "peopleUnder": null,
        "people": [
          "5bb104ed678f71061f645215"
        ],
        "techSupport": [
          "5bb104ed678f71061f645224",
          "5dccb5a8a6ebc75e242120f2",
          "5e37a1e8a6ebc7909d444b32",
          "5e37a1e8a6ebc7909d444b33",
          "5e37a1e8a6ebc7909d444b34",
          "5e37a1e9a6ebc7909d444b35",
          "5e37a1e9a6ebc7909d444b36",
          "5e38f456a6ebc7a75c060652",
          "5f34ab08a6ebc7994003c792",
          "60796408a6ebc7d794734343",
          "607969aea6ebc7db171bcaa2",
          "607969afa6ebc7db171bcaa3",
          "607969afa6ebc7db171bcaa4",
          "60d2fc36a6ebc73e365ecf32",
          "628ee86fa6ebc7803b69f38f",
          "633653cfa6ebc7705c4ea23b",
          "64e30299a6ebc75ccb2b3194"
        ]
      },
      "created_by": {
        "_id": "5bb104ed678f71061f645215",
        "firstName": "Christia",
        "lastName": "Lagamson",
        "fullName": "Christia Lagamson",
        "peopleUnder": null,
        "people": [
          "5bb104ed678f71061f645215"
        ],
        "techSupport": [
          "5bb104ed678f71061f645224",
          "5dccb5a8a6ebc75e242120f2",
          "5e37a1e8a6ebc7909d444b32",
          "5e37a1e8a6ebc7909d444b33",
          "5e37a1e8a6ebc7909d444b34",
          "5e37a1e9a6ebc7909d444b35",
          "5e37a1e9a6ebc7909d444b36",
          "5e38f456a6ebc7a75c060652",
          "5f34ab08a6ebc7994003c792",
          "60796408a6ebc7d794734343",
          "607969aea6ebc7db171bcaa2",
          "607969afa6ebc7db171bcaa3",
          "607969afa6ebc7db171bcaa4",
          "60d2fc36a6ebc73e365ecf32",
          "628ee86fa6ebc7803b69f38f",
          "633653cfa6ebc7705c4ea23b",
          "64e30299a6ebc75ccb2b3194"
        ]
      },
      "deleted_at": null,
      "deleted_by": null,
      "state_province_us_id": null,
      "state_province_cn_id": null,
      "rfqproduct_of_interest_ids": [
        "AVT Anti Vibration Table",
        "Aeris™ Conventional PCR Thermal Cycler",
        "Airstream® Laminar Flow Bench",
        "CelCulture® CO2 Incubator",
        "CultureCoin® - Embryo Culture Dish for the MIRI® TL",
        "IVF Incubators by Esco Medical",
        "MIRI® Evidence",
        "MIRI® GA Gas and Temperature Validation Unit",
        "MIRI® II Multiroom Incubator",
        "MIRI® Multiroom Incubator",
        "MIRI® Time-Lapse Incubator",
        "Mini MIRI® Dry Incubator",
        "Mini MIRI® Humidity Incubator",
        "Multi-Zone ART Workstation",
        "Multi-Zone ART Workstation Class II",
        "VIVA® Bedding Disposal Animal Containment Workstation  ",
        "VIVA® Dual Access Animal Containment Workstation  ",
        "VIVA® Universal Animal Containment Workstation ",
        "Versati™ Tabletop Centrifuge Refrigerated "
      ],
      "product_category_ids": [],
      "inquiry_type_id": null,
      "email_recipient_ids": [],
      "medical_survey_id": "Sales Visit",
      "where_learn_product_id": null,
      "whereLearnProduct": null,
      "service_engineer_id": null,
      "planToPurchase": null,
      "existingUser": false,
      "title": null,
      "distributor_id": null,
      "serialNo": null,
      "model": null
    }
  ]
}