{
  "modules": [
    {
      "_id": "5c906a1ba6ebc7193110f8ac",
      "name": "campaigns",
      "label": "Campaigns",
      "icon": "record_voice_over",
      "route": "campaigns.index",
      "color": "rgba(255, 193, 7, 0.7)",
      "description": "",
      "order": 1,
      "folder_id": "5c906a1ba6ebc7193110f893",
      "mainEntity": "Campaign"
    },
    {
      "_id": "5c906a1ba6ebc7193110f8b4",
      "name": "leads",
      "label": "Leads",
      "icon": "trending_up",
      "route": "leads.index",
      "color": "rgba(76, 175, 80, 0.7)",
      "description": "",
      "order": 2,
      "folder_id": "5c906a1ba6ebc7193110f893",
      "mainEntity": "Lead"
    },
    {
      "_id": "5c906a1ba6ebc7193110f8d3",
      "name": "salesopportunities",
      "label": "Opportunities",
      "icon": "monetization_on",
      "route": "salesopportunities.index",
      "color": "rgba(244, 67, 54, 0.7)",
      "description": "",
      "order": 4,
      "folder_id": "5c906a1ba6ebc7193110f893",
      "mainEntity": "SalesOpportunity"
    },
    {
      "_id": "5c906a1ba6ebc7193110f8e3",
      "name": "salesquotes",
      "label": "Quotations",
      "icon": "list",
      "route": "salesquotes.index",
      "color": "rgba(63, 81, 181, 0.7)",
      "description": "",
      "order": 5,
      "folder_id": "5c906a1ba6ebc7193110f893",
      "mainEntity": "SalesQuote"
    },
    {
      "_id": "5c906a1ba6ebc7193110f8f3",
      "name": "reports",
      "label": "Reports",
      "icon": "table_chart",
      "route": "reports.index",
      "color": "rgba(103, 58, 183, 0.7)",
      "description": "",
      "order": 6,
      "folder_id": "5c906a1ba6ebc7193110f893",
      "mainEntity": "Report"
    },
    {
      "_id": "5c906a1ba6ebc7193110f8bd",
      "name": "accounts",
      "label": "Account List",
      "icon": "business",
      "route": "accounts.index",
      "color": "rgba(103, 58, 183, 0.7)",
      "description": "",
      "order": 0,
      "folder_id": "5c906a1ba6ebc7193110f895",
      "mainEntity": "Account"
    },
    {
      "_id": "5c906a1ba6ebc7193110f8c5",
      "name": "contacts",
      "label": "Contacts",
      "icon": "contacts",
      "route": "contacts.index",
      "color": "rgba(156, 39, 176, 0.7)",
      "description": "",
      "order": 1,
      "folder_id": "5c906a1ba6ebc7193110f895",
      "mainEntity": "Contact"
    },
    {
      "_id": "5c906a1ba6ebc7193110f8cd",
      "name": "accountgroups",
      "label": "Account Groups",
      "icon": "business",
      "route": "accountgroups.index",
      "color": "rgba(63, 81, 181, 0.7)",
      "description": "",
      "order": 2,
      "folder_id": "5c906a1ba6ebc7193110f895",
      "mainEntity": "AccountGroup"
    },
    {
      "_id": "5c906a1ba6ebc7193110f926",
      "name": "units",
      "label": "Product Units",
      "icon": "work",
      "route": "units.index",
      "color": "rgba(76, 175, 80, 0.7)",
      "description": "",
      "order": 3,
      "folder_id": "5c906a1ba6ebc7193110f895",
      "mainEntity": "Unit"
    },
    {
      "_id": "5c906a1ba6ebc7193110f906",
      "name": "defectreports",
      "label": "Defect Reports",
      "icon": "subtitles",
      "route": "defectreports.index",
      "color": "rgba(76, 175, 80, 0.7)",
      "description": "",
      "order": 0,
      "folder_id": "5c906a1ba6ebc7193110f896",
      "mainEntity": "DefectReport"
    },
    {
      "_id": "5c906a1ba6ebc7193110f91e",
      "name": "rpworkorders",
      "label": "RP Workorder",
      "icon": "work",
      "route": "rpworkorders.index",
      "color": "rgba(244, 67, 54, 0.7)",
      "description": "",
      "order": 1,
      "folder_id": "5c906a1ba6ebc7193110f896",
      "mainEntity": "RPWorkOrder"
    },
    {
      "_id": "64900dfba6ebc7103a473c13",
      "name": "calibrationservicerequests",
      "label": "Calibration Service Requests",
      "icon": "crisis_alert",
      "route": "calibrationservicerequests.index",
      "color": "rgba(0, 150, 136, 0.7)",
      "description": "",
      "order": 2,
      "folder_id": "5c906a1ba6ebc7193110f896",
      "mainEntity": "CalibrationServiceRequest"
    },
    {
      "_id": "5c906a1ba6ebc7193110f92c",
      "name": "services",
      "label": "Service List",
      "icon": "local_car_wash",
      "route": "services.index",
      "color": "rgba(255, 193, 7, 0.7)",
      "description": "",
      "order": 0,
      "folder_id": "5c906a1ba6ebc7193110f897",
      "mainEntity": "Service"
    },
    {
      "_id": "5c906a1ba6ebc7193110f932",
      "name": "servicereports",
      "label": "Service Report",
      "icon": "business",
      "route": "servicereports.index",
      "color": "rgba(0, 150, 136, 0.7)",
      "description": "",
      "order": 1,
      "folder_id": "5c906a1ba6ebc7193110f897",
      "mainEntity": "ServiceReport"
    },
    {
      "_id": "5c906a1ba6ebc7193110f93b",
      "name": "serviceschedules",
      "label": "Service Schedule",
      "icon": "business",
      "route": "serviceschedules.index",
      "color": "rgba(244, 67, 54, 0.7)",
      "description": "",
      "order": 2,
      "folder_id": "5c906a1ba6ebc7193110f897",
      "mainEntity": "ServiceSchedule"
    },
    {
      "_id": "5c906a1ba6ebc7193110f941",
      "name": "servicejobs",
      "label": "Service Job",
      "icon": "business",
      "route": "servicejobs.index",
      "color": "rgba(76, 175, 80, 0.7)",
      "description": "",
      "order": 3,
      "folder_id": "5c906a1ba6ebc7193110f897",
      "mainEntity": "ServiceJob"
    },
    {
      "_id": "5fe2ab68a6ebc7130d02921c",
      "name": "breakdownlogs",
      "label": "Breakdown Log",
      "icon": "list",
      "route": "breakdownlogs.index",
      "color": "rgba(103, 58, 183, 0.7)",
      "description": "",
      "order": 4,
      "folder_id": "5c906a1ba6ebc7193110f897",
      "mainEntity": "BreakdownLog"
    },
    {
      "_id": "5c906a1ba6ebc7193110f8f9",
      "name": "products",
      "label": "Products",
      "icon": "kitchen",
      "route": "products.index",
      "color": "rgba(63, 81, 181, 0.7)",
      "description": "",
      "order": 0,
      "folder_id": "640fe384a6ebc704e269b043",
      "mainEntity": "Product"
    },
    {
      "_id": "5c906a1ba6ebc7193110f8ff",
      "name": "pricebooks",
      "label": "Pricebooks",
      "icon": "import_contacts",
      "route": "pricebooks.index",
      "color": "rgba(63, 81, 181, 0.7)",
      "description": "",
      "order": 1,
      "folder_id": "640fe384a6ebc704e269b043",
      "mainEntity": "Pricebook"
    },
    {
      "_id": "64265f51a6ebc722f15baca4",
      "name": "productgroups",
      "label": "Product Models",
      "icon": "kitchen",
      "route": "productgroups.index",
      "color": "rgba(244, 67, 54, 0.7)",
      "description": "",
      "order": 2,
      "folder_id": "640fe384a6ebc704e269b043",
      "mainEntity": "ProductGroup"
    },
    {
      "_id": "64265f51a6ebc722f15bacaa",
      "name": "accessorygroups",
      "label": "Accessory Groups",
      "icon": "kitchen",
      "route": "accessorygroups.index",
      "color": "rgba(63, 81, 181, 0.7)",
      "description": "",
      "order": 3,
      "folder_id": "640fe384a6ebc704e269b043",
      "mainEntity": "AccessoryGroup"
    },
    {
      "_id": "64265f51a6ebc722f15bacb0",
      "name": "pricelists",
      "label": "Pricelists",
      "icon": "price_change",
      "route": "pricelists.index",
      "color": "rgba(0, 150, 136, 0.7)",
      "description": "",
      "order": 0,
      "folder_id": "640fe384a6ebc704e269b044",
      "mainEntity": "Pricelist"
    },
    {
      "_id": "64265f51a6ebc722f15bacb6",
      "name": "pricelistmiscellaneous",
      "label": "Miscellaneous",
      "icon": "price_change",
      "route": "pricelistmiscellaneous.index",
      "color": "rgba(76, 175, 80, 0.7)",
      "description": "",
      "order": 1,
      "folder_id": "640fe384a6ebc704e269b044",
      "mainEntity": "PricelistMiscellaneous"
    },
    {
      "_id": "640fe3c6a6ebc7053d281b02",
      "name": "countries",
      "label": "Countries",
      "icon": "public",
      "route": "countries.index",
      "color": "rgba(255, 193, 7, 0.7)",
      "description": "",
      "order": 0,
      "folder_id": "640fe384a6ebc704e269b045",
      "mainEntity": "Country"
    },
    {
      "_id": "640fe3c6a6ebc7053d281b04",
      "name": "inquiries",
      "label": "Inquiries",
      "icon": "mail",
      "route": "inquiries.index",
      "color": "rgba(255, 193, 7, 0.7)",
      "description": "",
      "order": 0,
      "folder_id": "5c906a1ba6ebc7193110f893",
      "mainEntity": "Inquiry"
    }
  ]
}